{"cameraMode":{"drawMode":0,"name":"Shaded","section":"Shading Mode"},"sceneLighting":false,"audioPlay":false,"sceneViewState":{"m_AlwaysRefresh":false,"showFog":true,"showSkybox":false,"showFlares":true,"showImageEffects":true,"showParticleSystems":true,"showVisualEffectGraphs":true,"m_FxEnabled":true},"in2DMode":false,"pivot":{"x":0.1227598488330841,"y":0.34257230162620547,"z":-0.2677333950996399},"rotation":{"x":-0.09676777571439743,"y":0.8372927308082581,"z":-0.15738563239574433,"w":-0.5147266983985901},"size":0.561070442199707,"orthographic":false}