{"cameraMode":{"drawMode":0,"name":"Shaded","section":"Shading Mode"},"sceneLighting":false,"audioPlay":false,"sceneViewState":{"m_AlwaysRefresh":false,"showFog":true,"showSkybox":false,"showFlares":true,"showImageEffects":true,"showParticleSystems":true,"showVisualEffectGraphs":true,"m_FxEnabled":true},"in2DMode":false,"pivot":{"x":0.03356274589896202,"y":0.9483214020729065,"z":-1.2410414218902588},"rotation":{"x":-0.006700985133647919,"y":-0.9925644397735596,"z":0.10441512614488602,"w":-0.06400317698717118},"size":1.5670205354690552,"orthographic":false}