{"cameraMode":{"drawMode":0,"name":"Shaded","section":"Shading Mode"},"sceneLighting":true,"audioPlay":false,"sceneViewState":{"m_AlwaysRefresh":false,"showFog":true,"showSkybox":true,"showFlares":true,"showImageEffects":true,"showParticleSystems":true,"showVisualEffectGraphs":true,"m_FxEnabled":true},"in2DMode":false,"pivot":{"x":-0.6884539723396301,"y":-5.528757095336914,"z":9.074468612670899},"rotation":{"x":0.03430399298667908,"y":0.008490696549415589,"z":-0.00034907128429040313,"w":0.9994679689407349},"size":8.436330795288086,"orthographic":false}