{"cameraMode":{"drawMode":0,"name":"Shaded","section":"Shading Mode"},"sceneLighting":true,"audioPlay":false,"sceneViewState":{"m_AlwaysRefresh":false,"showFog":true,"showSkybox":true,"showFlares":true,"showImageEffects":true,"showParticleSystems":true,"showVisualEffectGraphs":true,"m_FxEnabled":true},"in2DMode":false,"pivot":{"x":4.7205352783203129,"y":5.464728832244873,"z":1.4160616397857667},"rotation":{"x":-0.22362114489078523,"y":0.5813267230987549,"z":-0.17016509175300599,"w":-0.7637392282485962},"size":0.1411643624305725,"orthographic":false}