{"cameraMode":{"drawMode":0,"name":"Shaded","section":"Shading Mode"},"sceneLighting":true,"audioPlay":false,"sceneViewState":{"m_AlwaysRefresh":false,"showFog":true,"showSkybox":true,"showFlares":true,"showImageEffects":true,"showParticleSystems":true,"showVisualEffectGraphs":true,"m_FxEnabled":true},"in2DMode":false,"pivot":{"x":0.6007310152053833,"y":-5.308868885040283,"z":-6.564303398132324},"rotation":{"x":0.007406713906675577,"y":0.9647756814956665,"z":-0.26162615418434145,"w":0.02731073461472988},"size":5.864846229553223,"orthographic":false}