{"cameraMode":{"drawMode":0,"name":"Shaded","section":"Shading Mode"},"sceneLighting":false,"audioPlay":false,"sceneViewState":{"m_AlwaysRefresh":false,"showFog":true,"showSkybox":false,"showFlares":true,"showImageEffects":true,"showParticleSystems":true,"showVisualEffectGraphs":true,"m_FxEnabled":true},"in2DMode":false,"pivot":{"x":0.4948888123035431,"y":0.3038516938686371,"z":1.1689772605895997},"rotation":{"x":-0.018129214644432069,"y":0.9746897220611572,"z":-0.20602409541606904,"w":-0.0856945812702179},"size":1.2096847295761109,"orthographic":false}